{"cameraMode":{"drawMode":0,"name":"Shaded","section":"Shading Mode"},"sceneLighting":true,"audioPlay":false,"sceneViewState":{"showFog":true,"showMaterialUpdate":false,"showSkybox":true,"showFlares":true,"showImageEffects":true,"showParticleSystems":true},"in2DMode":false,"pivot":{"x":-12.750686645507813,"y":34.69808578491211,"z":37.74856185913086},"rotation":{"x":0.05010191351175308,"y":0.9116419553756714,"z":-0.3908199965953827,"w":0.11686824262142182},"size":2.8578836917877199,"orthographic":false}