{"cameraMode":{"drawMode":0,"name":"Shaded","section":"Shading Mode"},"sceneLighting":true,"audioPlay":false,"sceneViewState":{"showFog":true,"showMaterialUpdate":false,"showSkybox":true,"showFlares":true,"showImageEffects":true,"showParticleSystems":true},"in2DMode":false,"pivot":{"x":4.518457889556885,"y":2.2360761165618898,"z":2.0828499794006349},"rotation":{"x":-0.0009649708517827094,"y":0.9336550831794739,"z":-0.3581715524196625,"w":-0.0025204697158187629},"size":22.0,"orthographic":false}